<?xml version="1.0" encoding="UTF-8"?>
<beans xmlns="http://www.springframework.org/schema/beans"
	xmlns:xsi="http://www.w3.org/2001/XMLSchema-instance" xmlns:p="http://www.springframework.org/schema/p"
	xmlns:context="http://www.springframework.org/schema/context"
	xmlns:mvc="http://www.springframework.org/schema/mvc"
	xsi:schemaLocation="http://www.springframework.org/schema/beans
    	http://www.springframework.org/schema/beans/spring-beans-4.1.xsd
    	http://www.springframework.org/schema/context
    	http://www.springframework.org/schema/context/spring-context-4.1.xsd
    	http://www.springframework.org/schema/mvc
    	http://www.springframework.org/schema/mvc/spring-mvc-4.1.xsd">

	<!-- enable auto wire -->
	<context:annotation-config />
	<mvc:default-servlet-handler />

	<context:component-scan base-package="com.dcjet">
		<context:include-filter type="annotation"
			expression="org.springframework.stereotype.Controller" />
		<context:exclude-filter type="annotation"
			expression="org.springframework.stereotype.Repository" />
		<context:exclude-filter type="annotation"
			expression="org.springframework.stereotype.Service" />
	</context:component-scan>

	<bean id="contentNegotiationManager"
		class="org.springframework.web.accept.ContentNegotiationManagerFactoryBean">
		<property name="mediaTypes">
			<map>
				<entry key="json" value="application/json" />
				<entry key="xml" value="application/xml" />
				<entry key="html" value="text/html" />
				<entry key="atom" value="application/atom+xml" />
			</map>
		</property>
		<property name="defaultContentType" value="text/html" />
		<!-- 开启 www.xx.com/rest?format=json 的支持 -->
		<property name="favorParameter" value="false" />
		<!-- 设置为true以忽略对Accept Header的支持 -->
		<property name="ignoreAcceptHeader" value="true" />
	</bean>

	<bean
		class="org.springframework.web.servlet.view.ContentNegotiatingViewResolver"
		p:order="1">
		<property name="contentNegotiationManager" ref="contentNegotiationManager" />
		<property name="viewResolvers">
			<list>
				<bean
					class="org.springframework.web.servlet.view.InternalResourceViewResolver">
					<property name="viewClass"
						value="org.springframework.web.servlet.view.JstlView" />
					<property name="contentType" value="text/html;charset=UTF-8" />
					<property name="prefix" value="/views" />
					<property name="suffix" value=".jsp" />
				</bean>
			</list>
		</property>
	</bean>

	<mvc:annotation-driven>
		<mvc:message-converters register-defaults="true">
			<bean
				class="com.alibaba.fastjson.support.spring.FastJsonHttpMessageConverter">
				<property name="supportedMediaTypes">
					<list>
						<value>application/json;charset=UTF-8</value>
						<value>text/html;charset=UTF-8</value>
						<value>text/json;charset=UTF-8</value>
					</list>
				</property>
				<property name="features">
					<array>
						<!-- 输出key时使用双引号,默认为true -->
						<value>QuoteFieldNames</value>
						<!-- 输出值为null的字段,默认为false -->
						<value>WriteMapNullValue</value>
						<!-- 字符类型字段如果为null,输出为"",而非null -->
						<value>WriteNullStringAsEmpty</value>
						<!-- List字段如果为null,输出为[],而非null -->
						<value>WriteNullListAsEmpty</value>
						<!-- 数值字段如果为null,输出为0,而非null -->
						<!-- <value>WriteNullNumberAsZero</value> -->
						<!-- Boolean字段如果为null,输出为false,而非null -->
						<value>WriteNullBooleanAsFalse</value>
					</array>
				</property>
			</bean>
		</mvc:message-converters>
	</mvc:annotation-driven>

	<mvc:resources mapping="/resources/**" location="/resources/" />

	<!-- 配置文件上传，如果没有使用文件上传可以不用配置，当然如果不配，那么配置文件中也不必引入上传组件包 -->
	<bean id="multipartResolver"
		class="org.springframework.web.multipart.commons.CommonsMultipartResolver">
		<!-- 默认编码 -->
		<property name="defaultEncoding" value="utf-8" />
		<!-- 文件大小最大值 -->
		<property name="maxUploadSize" value="10485760000" />
		<!-- 内存中的最大值 -->
		<property name="maxInMemorySize" value="40960" />
	</bean>

	<!-- 客户端操作日志记录拦截器 -->
	<mvc:interceptors>
		<mvc:interceptor>
			<mvc:mapping path="/*/*" />
			<bean class="com.dcjet.apollo.framework.web.aspects.ClientHandlerInterceptor" />
		</mvc:interceptor>
	</mvc:interceptors>
	
    <bean id="cacheManager" class="org.springframework.cache.ehcache.EhCacheCacheManager" p:cacheManager-ref="ehcache"/>
    
    <bean id="ehcache" class="org.springframework.cache.ehcache.EhCacheManagerFactoryBean" p:configLocation="classpath:config/ehcache.xml"  p:shared="true"/> 
</beans>