<?xml version="1.0" encoding="UTF-8"?>
<beans xmlns="http://www.springframework.org/schema/beans" 
	xmlns:xsi="http://www.w3.org/2001/XMLSchema-instance" xmlns:context="http://www.springframework.org/schema/context"
	xmlns:aop="http://www.springframework.org/schema/aop" xmlns:p="http://www.springframework.org/schema/p"
	xsi:schemaLocation="http://www.springframework.org/schema/beans
           http://www.springframework.org/schema/beans/spring-beans-4.1.xsd
           http://www.springframework.org/schema/context
           http://www.springframework.org/schema/context/spring-context-4.1.xsd
            http://www.springframework.org/schema/aop
           http://www.springframework.org/schema/aop/spring-aop-4.1.xsd
           ">
	<context:property-placeholder
		file-encoding="UTF-8" location="classpath:properties/**/*.properties" />

	<!-- enable autowire -->
	<context:annotation-config />
	
	<context:component-scan base-package="com.dcjet">
		<context:include-filter type="annotation"
			expression="org.springframework.stereotype.Service" />
		<context:include-filter type="annotation"
			expression="org.springframework.stereotype.Repository" />
		<context:exclude-filter type="annotation"
			expression="org.springframework.stereotype.Controller" />
	</context:component-scan>
	
	<import resource="config/spring-mybatis.xml" />
	<import resource="config/spring-druid.xml" />
	<import resource="config/spring-servlet.xml" />
	<import resource="config/spring-cxf.xml" />
	<import resource="config/spring-apollo-framework.xml" />
</beans>