<?xml version="1.0" encoding="UTF-8" ?>
<!DOCTYPE mapper PUBLIC "-//mybatis.org//DTD Mapper 3.0//EN" "http://mybatis.org/dtd/mybatis-3-mapper.dtd" >
<mapper namespace="com.dcjet.${ddata.solution.solutionName}.dao.${data.moduleName}HeadMapper" >
  <resultMap id="BaseResultMap" type="com.dcjet.${ddata.solution.solutionName}.entity.${data.moduleName}HeadEntity" >
    {@each data.fields.rows as di, index}
      {@if di.PRIMARYKEY == "1" }
    <id column="${di.FIELDNAME}" property="${di.FIELDNAME|getDcm}" jdbcType="VARCHAR" />
      {@else}
    <result column="${di.FIELDNAME}" property="${di.FIELDNAME|getDcm}" jdbcType="VARCHAR" />
      {@/if}
    {@/each}
  </resultMap>
  
  <sql id="Base_Column_List" >
  <% var temp1 = 0;%>
  {@each data.fields.rows as di, index}
     {@if temp1>0},{@/if}${di.FIELDNAME}
     <% temp1 = temp1 + 1;%>
  {@/each}
  </sql>
  
  <sql id="condition">
  {@each data.fields.rows as di, index}
    {@if di.isQueryConditionShow == "Y"}
         {@if di.DBTYPE == 'datetime' || di.DBTYPE == 'date'}
    <if test="${di.FIELDNAME|getDcm}Begin != null and ${di.FIELDNAME|getDcm}Begin != ''">
       	<![CDATA[ and ${di.FIELDNAME} >= to_date(#{${di.FIELDNAME|getDcm}Begin}, 'yyyy-mm-dd hh24:mi:ss')]]>
    </if>
    <if test="${di.FIELDNAME|getDcm}End != null and ${di.FIELDNAME|getDcm}End != ''">
        <![CDATA[ and ${di.FIELDNAME} <= to_date(#{${di.FIELDNAME|getDcm}End}, 'yyyy-mm-dd hh24:mi:ss') ]]>
    </if>
         {@else}
    <if test="${di.FIELDNAME|getDcm} != null and ${di.FIELDNAME|getDcm} != ''"> 
		  ${di|generateMapperCondition}
	  </if>
         {@/if}
      {@/if}
  {@/each}
  </sql>
	<!--修改排序字段-->
  <select id="selectHeadListBySearch" parameterType="com.dcjet.${ddata.solution.solutionName}.search.${data.moduleName}HeadSearch" resultMap="BaseResultMap">
   	select t.* from (
    SELECT  <include refid="Base_Column_List" />, ROW_NUMBER () OVER (ORDER BY OID desc) AS RowNumber 
    from ${data.dataSourceNameTable}   
    <where>
		<include refid="condition"></include>
	</where>
    ) t
    WHERE RowNumber BETWEEN <gg[$]>{rows}*<gg[$]>{page}-<gg[$]>{rows}+1 AND <gg[$]>{rows}*<gg[$]>{page}
  </select>
  
  
  <!-- 分页统计-->
  <select id="selectHeadListCountBySearch" parameterType="com.dcjet.${ddata.solution.solutionName}.search.${data.moduleName}HeadSearch" resultType="int">
   	SELECT COUNT(1) FROM (
    SELECT  <include refid="Base_Column_List" /> from ${data.dataSourceNameTable}    
    <where>
		<include refid="condition"></include>
	</where>
    ) t 
  </select>
  
  <select id="selectHeadListForExport" parameterType="com.dcjet.${ddata.solution.solutionName}.search.${data.moduleName}HeadSearch" resultMap="BaseResultMap">
   	select t.* from (
    SELECT  <include refid="Base_Column_List" /> , ROW_NUMBER () OVER (ORDER BY OID desc) AS RowNumber 
    from ${data.dataSourceNameTable}  
    <where>
		<include refid="condition"></include>
	</where>
    ) t
  </select>
</mapper>